{
  "ExtendedData": {
    "inputs": [
      "../../../kimisitu_c2b/C2Bwebservice.wsdl"
    ],
    "collectionTypes": [
      "System.Array",
      "System.Collections.Generic.Dictionary`2"
    ],
    "namespaceMappings": [
      "*, NavWS"
    ],
    "references": [
      "Microsoft.Extensions.Configuration, {Microsoft.Extensions.Configuration, 6.0.0}",
      "Microsoft.Extensions.Configuration.Abstractions, {Microsoft.Extensions.Configuration.Abstractions, 6.0.0}",
      "Microsoft.Extensions.Configuration.Binder, {Microsoft.Extensions.Configuration.Binder, 6.0.0}",
      "Microsoft.Extensions.Configuration.CommandLine, {Microsoft.Extensions.Configuration.CommandLine, 6.0.0}",
      "Microsoft.Extensions.Configuration.EnvironmentVariables, {Microsoft.Extensions.Configuration.EnvironmentVariables, 6.0.1}",
      "Microsoft.Extensions.Configuration.FileExtensions, {Microsoft.Extensions.Configuration.FileExtensions, 6.0.0}",
      "Microsoft.Extensions.Configuration.Json, {Microsoft.Extensions.Configuration.Json, 6.0.0}",
      "Microsoft.Extensions.Configuration.UserSecrets, {Microsoft.Extensions.Configuration.UserSecrets, 6.0.1}",
      "Microsoft.Extensions.DependencyInjection, {Microsoft.Extensions.DependencyInjection, 6.0.0}",
      "Microsoft.Extensions.DependencyInjection.Abstractions, {Microsoft.Extensions.DependencyInjection.Abstractions, 6.0.0}",
      "Microsoft.Extensions.FileProviders.Abstractions, {Microsoft.Extensions.FileProviders.Abstractions, 6.0.0}",
      "Microsoft.Extensions.FileProviders.Physical, {Microsoft.Extensions.FileProviders.Physical, 6.0.0}",
      "Microsoft.Extensions.FileSystemGlobbing, {Microsoft.Extensions.FileSystemGlobbing, 6.0.0}",
      "Microsoft.Extensions.Hosting, {Microsoft.Extensions.Hosting, 6.0.1}",
      "Microsoft.Extensions.Hosting.Abstractions, {Microsoft.Extensions.Hosting.Abstractions, 6.0.0}",
      "Microsoft.Extensions.Logging, {Microsoft.Extensions.Logging, 6.0.0}",
      "Microsoft.Extensions.Logging.Abstractions, {Microsoft.Extensions.Logging.Abstractions, 6.0.0}",
      "Microsoft.Extensions.Logging.Configuration, {Microsoft.Extensions.Logging.Configuration, 6.0.0}",
      "Microsoft.Extensions.Logging.Console, {Microsoft.Extensions.Logging.Console, 6.0.0}",
      "Microsoft.Extensions.Logging.Debug, {Microsoft.Extensions.Logging.Debug, 6.0.0}",
      "Microsoft.Extensions.Logging.EventLog, {Microsoft.Extensions.Logging.EventLog, 6.0.0}",
      "Microsoft.Extensions.Logging.EventSource, {Microsoft.Extensions.Logging.EventSource, 6.0.0}",
      "Microsoft.Extensions.Options, {Microsoft.Extensions.Options, 6.0.0}",
      "Microsoft.Extensions.Options.ConfigurationExtensions, {Microsoft.Extensions.Options.ConfigurationExtensions, 6.0.0}",
      "Microsoft.Extensions.Primitives, {Microsoft.Extensions.Primitives, 6.0.0}",
      "System.Diagnostics.DiagnosticSource, {System.Diagnostics.DiagnosticSource, 6.0.0}",
      "System.Diagnostics.EventLog, {System.Diagnostics.EventLog, 6.0.0}",
      "System.Runtime.CompilerServices.Unsafe, {System.Runtime.CompilerServices.Unsafe, 6.0.0}",
      "System.Text.Encodings.Web, {System.Text.Encodings.Web, 6.0.0}",
      "System.Text.Json, {System.Text.Json, 6.0.0}"
    ],
    "sync": true,
    "targetFramework": "net6.0",
    "typeReuseMode": "All"
  }
}